time,cmd_vx,px,vx,cmd_vy,py,vy,cmd_vt,pt,vt
1492448572.2769969,0.0,-0.6219347972849874,-10.039556278160807,1.0,-0.2785123983274567,42.29327923786717,0.0,-0.3689280220443445,0.04737098453927696
1492448572.339205,0.031411,-0.6218138284279396,-8.555047359779476,0.99951,-0.279021999496256,36.039541683200646,0.005,-0.36930629665704373,0.040441737748090435
1492448572.3989882,0.062791,-0.6206237740022961,-4.699743647054327,0.99803,-0.27421774406595945,43.19410111517401,0.01,-0.3256756363657054,0.14540517573122028
1492448572.4600267,0.094108,-0.6192926284328096,-0.9675814157234743,0.99556,-0.2579628187055469,76.78362205555447,0.015,-0.25090407670842696,0.31568663525019325
1492448572.5200684,0.12533,-0.6190374552525595,-0.24420324409518668,0.99211,-0.22815792714712263,138.66103554967566,0.02,-0.1649933188303243,0.49259033985705897
1492448572.5825222,0.15643,-0.6193357850593979,-0.926038759053562,0.98769,-0.20206202071305385,184.32694880626437,0.025,-0.11619348648825545,0.553563336252804
1492448572.641428,0.18738,-0.6198604840891935,-2.0660797649373515,0.98229,-0.15526577325144175,273.8814794499644,0.03,-0.07927795335109744,0.5768658830120565
1492448572.697442,0.21814,-0.612700145723218,15.243494806240713,0.97592,-0.08367441702551828,411.8532126055257,0.035,-0.07862659754170265,0.5057477809090447
1492448572.7589576,0.24869,-0.6052130272477946,31.26932721829759,0.96858,-0.037388023737325665,473.08249121883466,0.04,-0.08124482798386845,0.43535195810507166
1492448572.8173306,0.27899,-0.5885031322818602,67.36392310285424,0.96029,0.032047967877018975,582.1826648125925,0.045,-0.08170042693200275,0.3792908400738794
1492448572.876183,0.30902,-0.5765649025737286,87.78668452594718,0.95106,0.0760648879397426,617.7085669845595,0.05,-0.08317061330608322,0.3277413835722092
1492448572.9369028,0.33874,-0.5628923172529826,109.90907426460501,0.94088,0.12117196699020863,651.5993770400995,0.055,-0.08355463812666208,0.28543395649933784
1492448572.9965074,0.36812,-0.5404494339880769,150.29553346905413,0.92978,0.18779442678840239,732.724108529552,0.06,-0.08165987428891741,0.2542114117997813
1492448573.0546587,0.39715,-0.5171833810866492,187.83150745610817,0.91775,0.2505774369298711,795.0330774931844,0.065,-0.07975511774796695,0.22695223658647584
1492448573.1151085,0.42578,-0.496879436254711,213.83615687160463,0.90483,0.30042807847687164,819.0994028548924,0.07,-0.07830821466915161,0.20197631590699486
1492448573.1739767,0.45399,-0.4722983689515873,246.93486419075708,0.89101,0.35532699499520404,852.3284314653715,0.075,-0.0753937689273525,0.18385273898829105
1492448573.233902,0.48175,-0.45495707356105347,258.8370985258953,0.87631,0.3907163591711808,835.1060404323265,0.08,-0.07416083125965,0.1637732857994109
1492448573.2930875,0.50904,-0.4296350466388371,288.3395850081548,0.86074,0.4390824367172137,850.8598050497004,0.085,-0.07037874208027617,0.15265708460575533
1492448573.3524325,0.53583,-0.405558886748793,311.3578311475828,0.84433,0.48141153932922354,850.3501015315329,0.09,-0.06718152588467463,0.1414675681267934
1492448573.4118483,0.56208,-0.3757152154744945,345.37763299370215,0.82708,0.5309902930841007,867.1773632002772,0.095,-0.06237583685741699,0.1357470049343101
1492448573.4762425,0.58779,-0.35466825352906045,354.3809620985759,0.80902,0.5629664373720871,840.0518388314387,0.1,-0.059924914800566054,0.1248077591457938
1492448573.5337968,0.61291,-0.3113990875615863,415.26800042956256,0.79016,0.6263925837672519,891.1050976938595,0.105,-0.05137112171098712,0.1306436467109741
1492448573.5943027,0.63742,-0.27109371130321264,461.83737684497737,0.77051,0.6809954537201874,915.0489999132653,0.11,-0.044753606473286744,0.13085891087530827
1492448573.6529984,0.66131,-0.2381903721518732,485.21853586767867,0.75011,0.722316658056709,904.4891494361095,0.115,-0.040016311650153735,0.12630390473283928
1492448573.714059,0.68455,-0.21465302224093977,483.49422079350967,0.72897,0.7492954163187711,861.008857363256,0.12,-0.03681094801818263,0.11845892015223398
1492448573.7751026,0.70711,-0.1795855149350231,509.45222644194945,0.70711,0.7884045791176916,851.6166161242875,0.125,-0.029936862656955388,0.1208583020197001
1492448573.8350356,0.72897,-0.14718105539152476,525.9711212130661,0.68455,0.8228898322085256,832.3245035274051,0.13,-0.02443370763951691,0.11949668181933648
1492448573.8913078,0.75011,-0.08284371541457186,616.6191920687797,0.66131,0.88741009858202,886.9058264710509,0.135,-0.010388894119582659,0.1398543320827667
1492448573.9501035,0.77051,-0.037957177404970475,650.1142446467853,0.63742,0.9289551358882469,880.2326997713362,0.14,-0.0035544166347909467,0.1394551518025686
1492448574.007294,0.79016,0.008821781637598836,684.1280104664758,0.61291,0.9685860241525597,869.7931904448839,0.145,0.005046709603067079,0.1435629391547175
1492448574.065898,0.80902,0.0482157796914435,696.4902802370423,0.58779,0.9991815965444801,839.0660219217992,0.15,0.011823105278156998,0.14254946543065364
1492448574.1263819,0.82708,0.08546393153150195,702.2659142337352,0.56208,1.0257196984658763,802.3309341199043,0.155,0.01868265878251174,0.14187360039693456
1492448574.187285,0.84433,0.11311034065235388,684.4719998371306,0.53583,1.0436486006822565,749.4568155823197,0.16,0.023114191649315607,0.1351579623747486
1492448574.246937,0.86074,0.14683578797349953,683.2848804305028,0.50904,1.0649738604450307,710.9764301068393,0.165,0.030178262148069734,0.13593032496718968
1492448574.3078723,0.87631,0.20236219487879767,734.191840521038,0.48175,1.0997350250385443,709.0994095451268,0.17,0.04280982957930757,0.15065005657193914
1492448574.3673675,0.89101,0.24743224915013443,754.1151844340477,0.45399,1.1256981483466548,686.4799263189125,0.175,0.05101991502526726,0.1523593533638663
1492448574.4274068,0.90483,0.2887992925269552,762.8401832732944,0.42578,1.147925159584274,657.6522865359605,0.18,0.05905658760689958,0.15341559498956064
1492448574.4860628,0.91775,0.3495439436860629,816.7032588552481,0.39715,1.1785011955311946,652.1556102785524,0.185,0.07294758337300022,0.16910695868434925
1492448574.5468528,0.92978,0.38725475840041196,809.2578016027154,0.36812,1.1954931735247145,614.9424760087114,0.19,0.07885695429347095,0.16268437606430675
1492448574.6066425,0.94088,0.43746508334173434,832.4863613774584,0.33874,1.2165048477622786,591.742477719353,0.195,0.09027083328955543,0.1709577769790188
1492448574.666465,0.95106,0.4927283611353639,864.9885935794241,0.30902,1.2379695402281876,572.3863715802538,0.2,0.10233021114418461,0.1798159984541413
1492448574.72446,0.96029,0.5717734616179788,950.2912286604077,0.27899,1.2657769779650427,570.4516243425858,0.205,0.12105465272720473,0.20437046906393339
1492448574.7850633,0.96858,0.616539898923104,943.7423297467653,0.24869,1.2796065578707416,535.4375653523633,0.21,0.12764142367773657,0.1952088661201632
1492448574.8473923,0.97592,0.6487588922762844,908.0726435278851,0.21814,1.2876432683601906,490.79084846503827,0.215,0.13319640503756203,0.18460000097371146
1492448574.9070182,0.98229,0.6987498723345352,919.0044923679886,0.18738,1.2992285893036086,459.9203771805605,0.22,0.14574630225943608,0.19297490529127684
1492448574.9662101,0.98769,0.7555898595332835,944.9552686114528,0.15643,1.3112672646059815,433.808552541275,0.225,0.15910080230683965,0.20232318932286772
1492448575.0268347,0.99211,0.8263488106689095,1000.9834480001326,0.12533,1.3243384621493193,413.2685536530216,0.23,0.17590277918505848,0.21918909756937735
1492448575.0869992,0.99556,0.8798148775732424,1009.126055708523,0.094108,1.3321208184825675,382.572402300038,0.235,0.18671865030025048,0.21882688747181414
1492448575.1471252,0.99803,0.9382837256630235,1028.2202984709097,0.062791,1.3381746508346304,351.4146163369999,0.24,0.20021322929799545,0.22526777842779852
1492448575.2061558,0.99951,0.9986970033261938,1049.6730807806405,0.031411,1.341822971304708,318.2369090166625,0.245,0.21477210997581198,0.23358111667281786
1492448575.2620363,1.0,1.0597956318679478,1070.2029384349037,6.1232e-17,1.3433924485089104,284.0584238179745,0.25,0.22968861834813525,0.24174804288459648
1492448575.320288,0.99951,1.0982276046129986,1034.2709958115197,-0.031411,1.3428936370344913,249.02355763297965,0.255,0.23716058501460147,0.23010496224272153
1492448575.3806646,0.99803,1.1284366308045226,983.0247839658789,-0.062791,1.341110465987443,215.10248715100266,0.26,0.2438934789158762,0.21806603217938264
1492448575.4415677,0.99556,1.1901728392092799,1013.0153110777521,-0.094108,1.337936283221137,181.90834451193524,0.265,0.2634203304755811,0.23982014140252927
1492448575.5005062,0.99211,1.2406184706073249,1012.5264674928825,-0.12533,1.3338892174332582,150.58923783263205,0.27,0.275916855812671,0.24109538183792376
1492448575.5603812,0.98769,1.275389389225554,974.742350709126,-0.15643,1.329445948042369,122.05770023083967,0.275,0.28363755021850556,0.2301620730914697
1492448575.620448,0.98229,1.3385913237346967,1009.212636531902,-0.18738,1.3211898799276596,87.83969254514766,0.28,0.30448357876475596,0.2537182928816439
1492448575.6791768,0.97592,1.4006187132880765,1036.7767215535364,-0.21814,1.3111850532853182,53.531467262905586,0.285,0.32241426401695383,0.2669489592906162
1492448575.7373672,0.96858,1.4617308843074746,1058.8754806704305,-0.24869,1.2988789933917626,17.82720279306686,0.29,0.3406748939281683,0.27934314698732277
1492448575.797893,0.96029,1.4997209842785808,1023.240227215805,-0.27899,1.289344774222405,-7.017404594871838,0.295,0.34948154405028076,0.2663250467258486
1492448575.858033,0.95106,1.5625269792581193,1050.9883448853288,-0.30902,1.2726589746057346,-45.94424935803286,0.3,0.37219799328260583,0.2900383563446935
1492448575.918135,0.94088,1.6119449581884047,1043.5259916515702,-0.33874,1.2577726845275843,-75.94456697420404,0.305,0.38665998557516046,0.28993763863219185
1492448575.979947,0.92978,1.656049077264728,1024.2896356181807,-0.36812,1.2425483154532577,-103.17593863038404,0.31,0.4008862080145783,0.28925486225946134
1492448576.040193,0.91775,1.7302252267610847,1079.0082850528004,-0.39715,1.2149988655281223,-156.5338352323654,0.315,0.430508958948816,0.32749809942415165
1492448576.0991583,0.90483,1.7720215999642261,1050.0446784174655,-0.42578,1.1977325297974901,-179.02891596992865,0.32,0.44072079877197146,0.31195090677773407
1492448576.158309,0.89101,1.8120493069772812,1020.3173400903622,-0.45399,1.179209711493196,-201.83791152039402,0.325,0.4553492760680804,0.3095062972877114
1492448576.2189543,0.87631,1.861791748083447,1017.2827109782079,-0.48175,1.1550944402748184,-235.25622351643156,0.33,0.4754030863197558,0.3210561913918527
1492448576.275652,0.86074,1.9245798647815846,1045.6980748992976,-0.50904,1.122400790100091,-285.1353200936843,0.335,0.502017058797299,0.3476981999307372
1492448576.3346047,0.84433,1.9611160959523712,1008.1683055320962,-0.53583,1.1013781651659986,-301.2586551872111,0.34,0.5125180896316861,0.33033265325589295
1492448576.3927567,0.82708,2.0073666074069076,998.2598405006316,-0.56208,1.0726648729670283,-333.7880534037898,0.345,0.5333193587904956,0.34114124726279954
1492448576.451619,0.80902,2.0565324336847057,996.4793121392296,-0.58779,1.0400381635179659,-371.76734625708934,0.35,0.5552963564234257,0.3535524711602954
1492448576.510977,0.79016,2.0871431108705374,950.6932130356898,-0.61291,1.0176767501182418,-380.7586786239974,0.355,0.5658655829451407,0.33562054678894465
1492448576.5700307,0.77051,2.1386437845680817,960.1443940297444,-0.63742,0.978986542830149,-427.59089785717117,0.36,0.5931853709569666,0.3622060425596234
1492448576.6283195,0.75011,2.178789750226671,941.4106849010981,-0.66131,0.9468723048323087,-453.17213681938114,0.365,0.6102604098798134,0.3595944465269158
1492448576.6866183,0.72897,2.213997499296413,913.1411536383732,-0.68455,0.9164574754069827,-471.6555514297571,0.37,0.6269308211396218,0.3562915264868806
1492448576.746894,0.70711,2.2381906552208966,861.9917454020513,-0.70711,0.8933507351417542,-470.5211338952034,0.375,0.6377537525344268,0.33865412561188774
1492448576.8044872,0.68455,2.291866815508196,887.1961773413881,-0.72897,0.8416947069928781,-537.5560751581194,0.38,0.6726187512978261,0.3838908380471256
1492448576.863497,0.66131,2.33029717115046,873.0660332957605,-0.75011,0.8020604928266538,-567.955154085096,0.385,0.6912585597434546,0.382491445421544
1492448576.922128,0.63742,2.369959661257567,863.5557563729108,-0.77051,0.7577998435070697,-605.757112378161,0.39,0.7150091732153974,0.394161280481271
1492448576.9805982,0.61291,2.4018673297717994,836.6985735695179,-0.79016,0.7199410268740865,-623.7990406364319,0.395,0.7330939917908008,0.3900664171143454
1492448577.0397947,0.58779,2.422826399156807,786.950496013407,-0.80902,0.692565016935766,-614.7102513130922,0.4,0.7445370176812212,0.3697331972631771
1492448577.101457,0.56208,2.4468269303231867,750.3779449706481,-0.82708,0.6598640841566294,-619.39393287255,0.405,0.7621514857513128,0.367532971643994
1492448577.1616747,0.53583,2.491936770217798,768.4674903240824,-0.84433,0.5971928680216002,-694.9400279163243,0.41,0.80032938241219,0.4174843856114418
1492448577.2180996,0.50904,2.5299100724346464,767.3949485264276,-0.86074,0.541169497818167,-745.6425370046533,0.415,0.8270846039750603,0.4323200352825815
1492448577.2800825,0.48175,2.545074958557408,712.0967582301607,-0.87631,0.5156673681225101,-717.5702931837747,0.42,0.8329029287778673,0.3924681886472797
1492448577.339785,0.45399,2.5697048426408826,685.9429675508682,-0.89101,0.47202018390966693,-736.083369461498,0.425,0.8576752517009045,0.40545704208890454
1492448577.3971646,0.42578,2.6086240817438022,696.9576100930001,-0.90483,0.40144193535239225,-816.5684662326179,0.43,0.8980935182370038,0.45627666375229514
1492448577.4566112,0.39715,2.629273417883746,663.1218634389535,-0.91775,0.36049475888428756,-816.8514601518259,0.435,0.9120960838602574,0.4340490106297982
1492448577.5148451,0.36812,2.6523420769876203,639.083070817004,-0.92978,0.3095209043031131,-840.9947432799657,0.44,0.9381583639033746,0.4450472895209797
1492448577.5737524,0.33874,2.6707206629141407,606.7319047619039,-0.94088,0.26492648552006004,-847.0588298768683,0.445,0.9584450875773065,0.4400886860517589
1492448577.6315062,0.30902,2.694985894479413,592.2635819675728,-0.95106,0.20104664403379066,-898.3583656378191,0.45,0.992762683171196,0.47115035521856585
1492448577.6932178,0.27899,2.700050774379281,533.7639209366034,-0.96029,0.18324359162756235,-833.7424649678971,0.455,0.9921819731251089,0.41025830412976744
1492448577.7535212,0.24869,2.7136326536958646,502.53100007785395,-0.96858,0.139163784981406,-839.4443332151267,0.46,1.0181387075623505,0.42399109849095223
1492448577.8157053,0.21814,2.7294930075743804,480.449253069739,-0.97592,0.08498934535596447,-868.5227594427862,0.465,1.0469314342008262,0.4431459346962914
1492448577.875967,0.18738,2.7451841767111786,460.59541950128585,-0.98229,0.02683692125832696,-903.6161375876555,0.47,1.0758958496399167,0.4603178423948256
1492448577.935874,0.15643,2.7589430968802584,438.5025801875268,-0.98769,-0.03312281323728013,-938.8349626866597,0.475,1.105075354094021,0.4758664153951398
1492448577.9985664,0.12533,2.7636073657240043,397.3692022444382,-0.99211,-0.06034358966883652,-891.8390323175291,0.48,1.1113145137689973,0.4315835922007341
1492448578.0598454,0.094108,2.7731287136009164,372.7115852942687,-0.99556,-0.12059052461200816,-929.1455361484675,0.485,1.1470745603272379,0.4673568097541175
1492448578.1185822,0.062791,2.783480803862227,352.9716719530523,-0.99803,-0.19311998868454439,-991.276688494762,0.49,1.1858788446005448,0.5062973952493367
1492448578.176562,0.031411,2.7903480805346152,327.27935023664327,-0.99951,-0.2588040500308668,-1029.6918879767782,0.495,1.2162565770111646,0.5190691734217714
1492448578.2365956,1.2246e-16,2.7923507460983075,293.0557452065815,-1.0,-0.29917033946387295,-1003.1964853225841,0.5,1.2310773940077882,0.4909855298745109
1492448578.2948613,-0.031411,2.7938331389331656,261.6701244226791,-0.99951,-0.3644207016265981,-1039.1578912263965,0.505,1.2690019900206853,0.5247266415253706
1492448578.3554757,-0.062791,2.7933376588408247,229.31081145933217,-0.99803,-0.4160193497738809,-1038.301791450285,0.51,1.292998737175897,0.5190769757536742
1492448578.414604,-0.094108,2.7910891523155295,196.62964279165823,-0.99556,-0.46247856745223603,-1025.300212242872,0.515,1.3161833048184786,0.51209107727285
1492448578.4725142,-0.12533,2.786715596685635,162.77842207258868,-0.99211,-0.5184956748131719,-1036.6246647738885,0.52,1.348044123891003,0.5278733800901927
1492448578.5332088,-0.15643,2.7802838251184037,128.05582987428502,-0.98769,-0.5778946728344847,-1054.6589762740575,0.525,1.3814851989189947,0.5456514461129462
1492448578.5914063,-0.18738,2.7732409205175985,96.01415328014762,-0.98229,-0.6270125905439248,-1046.0442004598287,0.53,1.4059361618199242,0.5385083158916999
1492448578.6503863,-0.21814,2.763146586265485,60.51862277153924,-0.97592,-0.6834360165238172,-1055.8652367183718,0.535,1.4397700023353899,0.55593578216678
1492448578.7111664,-0.24869,2.753059611264442,29.26999906463842,-0.96858,-0.731134165965308,-1043.7233630358642,0.54,1.4646854998008934,0.5486673215606421
1492448578.772964,-0.27899,2.74211426477457,-0.3008198681441847,-0.96029,-0.7754408426157527,-1024.9461932532315,0.545,1.4897989705838919,0.5428150616534427
1492448578.831794,-0.30902,2.729940070464257,-29.276609258300248,-0.95106,-0.818365580880501,-1005.1131448718788,0.55,1.5149755002239589,0.5378600336715562
1492448578.892205,-0.33874,2.7171016887534143,-56.38265790966804,-0.94088,-0.8608096242322811,-986.4977303749082,0.555,1.5402548884935499,0.5337894684574231
1492448578.9503162,-0.36812,2.6932503646422608,-106.50328121256092,-0.92978,-0.9357580346296563,-1047.5596984239921,0.56,1.592998440115096,0.5995145197507161
1492448579.0094182,-0.39715,2.674075176306228,-139.50848938726887,-0.91775,-0.9891959137326634,-1050.0854722001318,0.565,1.6203708973368105,0.5929474106839862
1492448579.0695748,-0.42578,2.655474344770711,-167.21233832676268,-0.90483,-1.0340170241133066,-1031.776161199448,0.57,1.6458829029883866,0.5825153751709928
1492448579.1263535,-0.45399,2.6275679399574035,-213.79079809334885,-0.89101,-1.096471426725331,-1057.669343983922,0.575,1.6896433922692626,0.6194335017559446
1492448579.1828825,-0.48175,2.6043539009145134,-243.63722241154147,-0.87631,-1.143817139875735,-1044.4726360528543,0.58,1.7161788745454185,0.6082425857746269
1492448579.243714,-0.50904,2.5921310337344865,-243.73494162860874,-0.86074,-1.1646050992397232,-969.5600660588608,0.585,1.7233501612993471,0.549614314374992
1492448579.3025925,-0.53583,2.5677433636790132,-272.8102699222197,-0.84433,-1.2060729953869633,-952.8546768551853,0.59,1.7574030438359696,0.5661935231237665
1492448579.3635123,-0.56208,2.5328438018846207,-323.47150348604873,-0.82708,-1.2650040183576678,-979.755159135621,0.595,1.8032987658020723,0.6105567799655137
1492448579.4220183,-0.58779,2.510202634386721,-338.88405632962355,-0.80902,-1.2999326179616597,-946.2515753896314,0.6,1.821956671509274,0.5806132153360242
1492448579.484276,-0.61291,2.4859489274776365,-356.3029214112305,-0.79016,-1.3355605646124693,-918.406590582889,0.605,1.84762308730952,0.5721264375155269
1492448579.5486815,-0.63742,2.460027904521458,-375.6195773772022,-0.77051,-1.3709059949104532,-893.2061473482272,0.61,1.8747337803591533,0.5683535049034271
1492448579.6084237,-0.66131,2.4195081594439376,-427.4239995147359,-0.75011,-1.4242742690862737,-913.957609697675,0.615,1.9218454955658197,0.6155118317488038
1492448579.6658208,-0.68455,2.3718149265120525,-490.1505449722774,-0.72897,-1.4824742124465116,-943.750567428957,0.62,1.9702850980884588,0.6600717665086614
1492448579.727141,-0.70711,2.342603887931853,-501.3592163481655,-0.70711,-1.5153012500910972,-909.5288955743627,0.625,1.9896711385020183,0.625719599904575
1492448579.7889764,-0.72897,2.304320568612805,-532.8519884745365,-0.68455,-1.5549401809010264,-895.6178467609107,0.63,2.0268156112984412,0.6404984662656757
1492448579.8484983,-0.75011,2.2699659749906935,-551.2300049240694,-0.66131,-1.5883717206571932,-868.5718476229681,0.635,2.055788241731057,0.6327986311529425
1492448579.9070137,-0.77051,2.2204793715087776,-603.478476273809,-0.63742,-1.6350624269922456,-876.3456065707712,0.64,2.10466797800494,0.6762884464755418
1492448579.968853,-0.79016,2.189291626592901,-605.8944559041829,-0.61291,-1.662050182894365,-836.2401203903812,0.645,2.1246137238733622,0.6413027730447832
1492448580.0283754,-0.80902,2.147540188434779,-633.1963052029462,-0.58779,-1.6965528598137944,-818.8216723235187,0.65,2.1632361220570875,0.65784437608151
1492448580.0883906,-0.82708,2.100893904082405,-668.9097106351057,-0.56208,-1.7327801005956636,-807.5883805288289,0.655,2.2038894972183396,0.6774229770122725
1492448580.1467829,-0.84433,2.0426429774582986,-728.0221519448612,-0.53583,-1.7754044256013823,-812.9380887824294,0.66,2.2555417098596386,0.7222781939491555
1492448580.2046368,-0.86074,2.007225548454804,-725.6780032186147,-0.50904,-1.7990859430755997,-772.5088362838958,0.665,2.2759969468691468,0.6827770050085042
1492448580.2651227,-0.87631,1.9701185929005502,-727.6393798960678,-0.48175,-1.8212232108222943,-733.2168028045696,0.67,2.3050511607294215,0.6699502995306895
1492448580.3235805,-0.89101,1.931918169553133,-731.9728354388723,-0.45399,-1.842277845734209,-696.0265392977806,0.675,2.335193889739081,0.6614873833580465
1492448580.3822584,-0.90483,1.873350702303111,-784.3254987873001,-0.42578,-1.8741860524432656,-689.1321083264369,0.68,2.387545092235209,0.7101158878711842
1492448580.439538,-0.91775,1.8267962038815415,-801.8128034191633,-0.39715,-1.8978931034419564,-663.5154542120225,0.685,2.4197476034636614,0.7017828947095245
1492448580.4969878,-0.92978,1.7736574755460202,-832.9069630819836,-0.36812,-1.9221938559589107,-642.3658964046596,0.69,2.462101008374196,0.72010800561818
1492448580.559484,-0.94088,1.7489960958647695,-792.4334300446073,-0.33874,-1.9315386064057818,-588.095553048397,0.695,2.4715363865703814,0.6530814138091786
1492448580.6161876,-0.95106,1.6818399181126176,-858.0493519156128,-0.30902,-1.957200953520628,-579.1771788624862,0.7,2.535610319425955,0.732342404610048
1492448580.6761618,-0.96029,1.6413910298755743,-852.2023659538553,-0.27899,-1.9713774656234528,-543.950205604305,0.705,2.558261977200214,0.6971125749737109
1492448580.7354915,-0.96858,1.5669933898698758,-927.9534080075451,-0.24869,-1.9947509401761956,-534.8373627137058,0.71,2.6247520936023276,0.7769149885461204
1492448580.7936344,-0.97592,1.5128317885597624,-946.455191891416,-0.21814,-2.0103413732583655,-508.2630096245473,0.715,2.6602694192584035,0.7685185746940636
1492448580.851169,-0.98229,1.4548006640410445,-971.9736896575072,-0.18738,-2.024328526493436,-481.0343629294825,0.72,2.7045410390174336,0.7832651467849622
1492448580.9115126,-0.98769,1.4285560246024755,-918.7030313854949,-0.15643,-2.0288681556236274,-434.5362090562435,0.725,2.7141383622431494,0.7086809484368961
1492448580.9698467,-0.99211,1.3691293651210925,-950.8538795266518,-0.12533,-2.039323881393864,-407.67672571484667,0.73,2.7690712568134126,0.7578695138206841
1492448581.0309582,-0.99556,1.3421320955091658,-901.8932427291297,-0.094108,-2.042608835716415,-366.92934884908243,0.735,2.7800233193055313,0.6899060360530246
1492448581.0890005,-0.99803,1.2706728022911244,-964.7213013659929,-0.062791,-2.0526945723221424,-347.24366920550284,0.74,2.8480839634589445,0.7745793002866795
1492448581.1497746,-0.99951,1.2166046371457706,-978.6194486407771,-0.031411,-2.0589819837667824,-320.8520074585564,0.745,2.8842384709266646,0.7680848715445325
1492448581.20782,-1.0,1.157668460198339,-1002.4622846744658,-1.837e-16,-2.0634894730790987,-293.36333781413066,0.75,2.9306459620157757,0.7882741812265107
1492448581.2656353,-0.99951,1.0969289085883285,-1027.7617151094262,0.031411,-2.0656443694129916,-263.5436716921364,0.755,2.977421928954591,0.8068465050271302
1492448581.3287544,-0.99803,1.0469383813225825,-1024.431272651529,0.062791,-2.065342340622116,-231.42212434770616,0.76,3.01215955609719,0.7927078712258314
1492448581.388945,-0.99556,1.0009855569069932,-1011.8756387250442,0.094108,-2.063236082686494,-198.82837272858777,0.765,3.045750579161435,0.7774601024149499
1492448581.4486985,-0.99211,0.9450461276482063,-1024.6145480006146,0.12533,-2.059082921919531,-165.24037908369348,0.77,3.0919696963750543,0.795991696218747
1492448581.50783,-0.98769,0.896900930669795,-1017.2615952642215,0.15643,-2.054115244963142,-133.7134402903805,0.775,3.126827532776545,0.7835254456297733
1492448581.5661998,-0.98229,0.8516613198491828,-1003.8606250259172,0.18738,-2.0486037438099527,-104.6470479477986,0.78,-3.1226202049945977,0.7698055579955203
1492448581.6258783,-0.97592,0.7961969697959627,-1016.422406215119,0.21814,-2.0403160600714934,-72.42821581291655,0.785,-3.0756117425413176,0.7912938682875061
1492448581.6968477,-0.96858,0.7261279478681091,-1062.290990064952,0.24869,-2.0267571702608627,-31.486814803521163,0.79,-3.014947700721967,0.844519921636903
1492448581.7660205,-0.96029,0.695916310809188,-1007.7123569881486,0.27899,-2.019211244757176,-9.752825028354938,0.795,-3.003263004133524,0.7674752278864352
1492448581.8293781,-0.95106,0.6579892912595332,-978.0229772244879,0.30902,-2.008867034775913,16.0599459634612,0.8,-2.9698598870090533,0.7549360834536356
1492448581.8946245,-0.94088,0.6394426251782129,-905.686929051238,0.33874,-2.002003913637274,30.501483750097968,0.805,-2.9595103707202757,0.6858225981199555
1492448581.9611745,-0.92978,0.6167273252253578,-851.9039129918136,0.36812,-1.993151109497697,47.96378184481594,0.81,-2.9373148356998584,0.6553097705996133
1492448582.0269206,-0.91775,0.5923544226164383,-808.4793988343946,0.39715,-1.9829200159737337,66.62993262122353,0.815,-2.9138473221783556,0.6318543299697067
1492448582.0923016,-0.90483,0.5565402869171985,-797.4939640222591,0.42578,-1.9679108804616183,94.45825223960284,0.82,-2.876477253506882,0.6464285077630456
1492448582.1589663,-0.89101,0.5379587812237472,-746.7513633275039,0.45399,-1.9586934059949108,105.16898795526603,0.825,-2.8643896720982736,0.5953858102139304
1492448582.237541,-0.87631,0.5150792483725707,-712.2972384908542,0.48175,-1.9470642235573934,120.35072092709738,0.83,-2.8403755653703726,0.5808675552811653
1492448582.3044722,-0.86074,0.4804623859279835,-709.9189624720402,0.50904,-1.928869867648003,149.36861046243357,0.835,-2.801942295552114,0.6045548694971862
1492448582.3676214,-0.84433,0.4415946644247144,-717.9540445846023,0.53583,-1.9081141430546833,181.0328081667114,0.84,-2.762117207805474,0.6287655109074143
1492448582.43035,-0.82708,0.41196636687527477,-703.0137814866207,0.56208,-1.8906738263896443,201.02338729186243,0.845,-2.7355046653860016,0.6165919250753298
1492448582.5019124,-0.80902,0.3959030707066009,-657.5276968533669,0.58779,-1.879719822179467,203.17488186207768,0.85,-2.723461348740016,0.5692009108388592
1492448582.5675778,-0.79016,0.3751579061695614,-628.6184730398342,0.61291,-1.8647886986287727,214.54766896731036,0.855,-2.698639181199444,0.5600238554690393
1492448582.6307247,-0.77051,0.34342260716219863,-629.3438127047698,0.63742,-1.8414112894645815,244.6932285608541,0.86,-2.6588148074102333,0.5898494809540402
1492448582.6954324,-0.75011,0.3266310358149977,-594.3711758297128,0.66131,-1.8276577771422282,248.31271607627255,0.865,-2.6455927908706194,0.5488049793551006
1492448582.7590125,-0.72897,0.297407471113523,-593.1915834578008,0.68455,-1.8033389338192976,276.6785755363808,0.87,-2.6060846489893783,0.5792479247816316
1492448582.8271637,-0.70711,0.2817907910861247,-559.7267461075533,0.70711,-1.7888041013556584,278.34885940259795,0.875,-2.592738663390821,0.5398533477584552
1492448582.8930483,-0.68455,0.26254174670528135,-538.9053983522448,0.72897,-1.7704045273231015,289.02997200139924,0.88,-2.5670349653273536,0.5366017426040026
1492448582.9632218,-0.66131,0.2340707980876436,-542.5411568246312,0.75011,-1.7421036643386547,322.03360762718614,0.885,-2.5258695498852677,0.5727646105212715
1492448583.0297134,-0.63742,0.21102945240592103,-532.8047276541781,0.77051,-1.7175722084977296,342.12212793419417,0.89,-2.497781171405165,0.5713775319361488
1492448583.0970323,-0.61291,0.19002554942264457,-519.3731008576324,0.79016,-1.6945207932986572,356.2900565083971,0.895,-2.4707399679958284,0.5675237629468852
1492448583.1642034,-0.58779,0.17092961726898526,-502.99510431587254,0.80902,-1.670989195128913,369.91414252022986,0.9,-2.443459427596272,0.564759838471276
1492448583.227516,-0.56208,0.14518809447940217,-504.4053120942552,0.82708,-1.6384866084364522,403.2931436523585,0.905,-2.401516523267925,0.5993323942111393
1492448583.2930493,-0.53583,0.12504578316768286,-492.3043269111798,0.84433,-1.6109928980658437,420.7585950756243,0.91,-2.373004186625333,0.5956637620489079
1492448583.3650846,-0.50904,0.11420942125967648,-459.46871954491417,0.86074,-1.594262256152048,410.4941414544439,0.915,-2.3602336173536353,0.552747054854063
1492448583.431819,-0.48175,0.09422683769612061,-452.34138860521585,0.87631,-1.5623165830403776,437.7107985646539,0.92,-2.3186549116433905,0.5879160649377192
1492448583.4967914,-0.45399,0.07724131069426755,-438.9211789002858,0.89101,-1.5342668417365544,452.4003576287113,0.925,-2.2896585812555643,0.5869083388553845
1492448583.5597773,-0.42578,0.05594008947229227,-437.38450265592695,0.90483,-1.4976383194057412,485.7832309272879,0.93,-2.2465199980163546,0.6217035273635905
1492448583.6274517,-0.39715,0.05093567054204957,-397.1949384737269,0.91775,-1.4872317058274107,452.70051738331114,0.935,-2.247462501934663,0.5409092304561063
1492448583.695463,-0.36812,0.0356117463712481,-386.38587624930904,0.92978,-1.4561071446196432,472.93144807234245,0.94,-2.206117181683799,0.5769826213940462
1492448583.7640407,-0.33874,0.017616957621077383,-383.22952327546443,0.94088,-1.416856859415266,510.1157720162371,0.945,-2.1610207137839437,0.617968797853572
1492448583.8361728,-0.30902,0.008788587035534444,-358.60528479623105,0.95106,-1.3951686379929344,501.0183439582638,0.95,-2.146557278036376,0.5765092043801081
1492448583.9018934,-0.27899,-0.004876618569970581,-348.4414652025998,0.96029,-1.35857767667583,528.5187692951075,0.955,-2.1035912955428895,0.6121806468589857
1492448583.9708295,-0.24869,-0.011806517389247989,-323.4381587289307,0.96858,-1.3378719319918042,514.8872995750203,0.96,-2.088932418221683,0.5719441530192876
1492448584.0340145,-0.21814,-0.027415071503043138,-322.0956621510983,0.97592,-1.2905252279623654,566.3666098816994,0.965,-2.0300289715669337,0.6483958738532187
1492448584.101104,-0.18738,-0.03438153877964598,-300.3186594275418,0.98229,-1.265716956107198,558.0019880023974,0.97,-2.0143012712891935,0.6062877367883714
1492448584.16921,-0.15643,-0.03827833106405897,-273.8212652136675,0.98769,-1.249312954662987,530.6062882774931,0.975,-2.001594642548628,0.5618697076651673
1492448584.2362468,-0.12533,-0.046050954861486124,-259.7173674392012,0.99211,-1.2134520264869082,552.8415453063375,0.98,-1.9582232859218658,0.6004102717747299
1492448584.3029082,-0.094108,-0.05192576113800242,-242.77139823825223,0.99556,-1.1814541573440607,563.2215861513853,0.985,-1.9272686196873408,0.6027668022991275
1492448584.3728487,-0.062791,-0.05858193520439553,-229.70661130507239,0.99803,-1.1396337461990929,595.7723659808015,0.99,-1.8816081390616628,0.641923569752936
1492448584.4412482,-0.031411,-0.06246692445295701,-211.59466851218252,0.99951,-1.1054061773213195,606.3505776153117,0.995,-1.850626978018908,0.6391107825109694
